fn,begin,end
ml17_280a015.wav,1507694448,1507722342.16471
ml17_280a016.wav,1507722344,1507749989.16234
